-- ============================================
-- 追加テストデータ: ポートフォリオ50件 + レビュー
-- 既存6クリエイターに各プラットフォームの作品を追加
-- ============================================

-- クリエイター1: 田中映像（企業VP・MV系）
INSERT INTO portfolio_items (id, creator_id, title, description, video_url, video_platform, thumbnail_url, genre, tags) VALUES
  ('d1000000-0000-0000-0000-000000000001', 'c0000000-0000-0000-0000-000000000001',
   'IT企業 採用プロモーション', '社員インタビューを交えたリクルート動画',
   'https://www.youtube.com/watch?v=JGwWNGJdvx8', 'youtube',
   'https://images.unsplash.com/photo-1522071820081-009f0129c71c?w=640&h=360&fit=crop',
   'コーポレートビデオ', ARRAY['企業VP', '採用', 'インタビュー']),
  ('d1000000-0000-0000-0000-000000000002', 'c0000000-0000-0000-0000-000000000001',
   'バンドMV "夜明けの街"', 'ロックバンドの新曲ミュージックビデオ',
   'https://www.youtube.com/watch?v=kJQP7kiw5Fk', 'youtube',
   'https://images.unsplash.com/photo-1493225457124-a3eb161ffa5f?w=640&h=360&fit=crop',
   'ミュージックビデオ', ARRAY['MV', 'ロック', 'シネマティック']),
  ('d1000000-0000-0000-0000-000000000003', 'c0000000-0000-0000-0000-000000000001',
   '新商品CM 15秒 #Shorts', '化粧品の縦型ショートCM',
   'https://www.youtube.com/shorts/dQw4w9WgXcQ', 'youtube_short',
   'https://images.unsplash.com/photo-1596462502278-27bfdc403348?w=360&h=640&fit=crop',
   '広告・SNS動画', ARRAY['CM', '化粧品', 'ショート']),
  ('d1000000-0000-0000-0000-000000000004', 'c0000000-0000-0000-0000-000000000001',
   '製造工程ドキュメント', '工場の精密な製造プロセスを追ったVimeo公開作品',
   'https://vimeo.com/347119375', 'vimeo',
   'https://images.unsplash.com/photo-1565043666747-69f6646db940?w=640&h=360&fit=crop',
   'コーポレートビデオ', ARRAY['工場', 'ドキュメンタリー', '製造業']),
  ('d1000000-0000-0000-0000-000000000005', 'c0000000-0000-0000-0000-000000000001',
   '企業紹介 TikTok Ver.', '60秒にまとめた企業紹介ショート',
   'https://www.tiktok.com/@example/video/123456789', 'tiktok',
   'https://images.unsplash.com/photo-1497215728101-856f4ea42174?w=360&h=640&fit=crop',
   '広告・SNS動画', ARRAY['TikTok', '企業紹介', 'ショート']),
  ('d1000000-0000-0000-0000-000000000006', 'c0000000-0000-0000-0000-000000000001',
   'オフィスルームツアー Reels', 'おしゃれなオフィスを紹介するInstagram Reels',
   'https://www.instagram.com/reel/ABC123/', 'instagram',
   'https://images.unsplash.com/photo-1497366216548-37526070297c?w=360&h=640&fit=crop',
   '広告・SNS動画', ARRAY['Instagram', 'オフィス', 'Reels']),
  ('d1000000-0000-0000-0000-000000000007', 'c0000000-0000-0000-0000-000000000001',
   'アーティストLIVEダイジェスト', 'ライブイベントのハイライト映像',
   'https://www.youtube.com/watch?v=9bZkp7q19f0', 'youtube',
   'https://images.unsplash.com/photo-1470229722913-7c0e2dbbafd3?w=640&h=360&fit=crop',
   'ミュージックビデオ', ARRAY['ライブ', '音楽', 'イベント']),
  ('d1000000-0000-0000-0000-000000000008', 'c0000000-0000-0000-0000-000000000001',
   'プロダクトPV ショート', '新製品のTikTok向け縦型プロモーション',
   'https://www.tiktok.com/@brand/video/987654321', 'tiktok',
   'https://images.unsplash.com/photo-1523275335684-37898b6baf30?w=360&h=640&fit=crop',
   '広告・SNS動画', ARRAY['TikTok', 'プロダクト', '縦型']);

-- クリエイター2: 鈴木クリエイティブ（YouTube・SNS系）
INSERT INTO portfolio_items (id, creator_id, title, description, video_url, video_platform, thumbnail_url, genre, tags) VALUES
  ('d1000000-0000-0000-0000-000000000011', 'c0000000-0000-0000-0000-000000000002',
   'ガジェットレビュー動画', '最新スマートフォンの開封&レビュー',
   'https://www.youtube.com/watch?v=FkKPsLxgpuY', 'youtube',
   'https://images.unsplash.com/photo-1519389950473-47ba0277781c?w=640&h=360&fit=crop',
   '解説ビデオ', ARRAY['ガジェット', 'レビュー', 'テクノロジー']),
  ('d1000000-0000-0000-0000-000000000012', 'c0000000-0000-0000-0000-000000000002',
   'ゲーム実況ハイライト', 'FPSゲームのベストプレイ集',
   'https://www.youtube.com/watch?v=dQw4w9WgXcQ', 'youtube',
   'https://images.unsplash.com/photo-1542751371-adc38448a05e?w=640&h=360&fit=crop',
   'ゲーム動画', ARRAY['ゲーム', '実況', 'FPS']),
  ('d1000000-0000-0000-0000-000000000013', 'c0000000-0000-0000-0000-000000000002',
   '料理レシピ ショート', '3分で分かる簡単パスタレシピ',
   'https://www.youtube.com/shorts/abc123def', 'youtube_short',
   'https://images.unsplash.com/photo-1556909114-f6e7ad7d3136?w=360&h=640&fit=crop',
   'ショート', ARRAY['料理', 'レシピ', 'ショート']),
  ('d1000000-0000-0000-0000-000000000014', 'c0000000-0000-0000-0000-000000000002',
   'ダンスチャレンジ TikTok', '人気ダンスチャレンジの編集動画',
   'https://www.tiktok.com/@dancer/video/111222333', 'tiktok',
   'https://images.unsplash.com/photo-1547153760-18fc86324498?w=360&h=640&fit=crop',
   'ショート', ARRAY['TikTok', 'ダンス', 'チャレンジ']),
  ('d1000000-0000-0000-0000-000000000015', 'c0000000-0000-0000-0000-000000000002',
   'Vlog編集サンプル', '旅行系YouTuberのVlog編集',
   'https://www.youtube.com/watch?v=L_jWHffIx5E', 'youtube',
   'https://images.unsplash.com/photo-1488646953014-85cb44e25828?w=640&h=360&fit=crop',
   'ファミリー・トラベルビデオ', ARRAY['Vlog', '旅行', '編集']),
  ('d1000000-0000-0000-0000-000000000016', 'c0000000-0000-0000-0000-000000000002',
   'コスメレビュー Instagram', 'スキンケア商品のInstagram Reels',
   'https://www.instagram.com/reel/XYZ789/', 'instagram',
   'https://images.unsplash.com/photo-1522335789203-aabd1fc54bc9?w=360&h=640&fit=crop',
   '広告・SNS動画', ARRAY['Instagram', 'コスメ', 'レビュー']),
  ('d1000000-0000-0000-0000-000000000017', 'c0000000-0000-0000-0000-000000000002',
   'ゲーム攻略 ショート', '30秒で分かるボス攻略法',
   'https://www.youtube.com/shorts/game123', 'youtube_short',
   'https://images.unsplash.com/photo-1511512578047-dfb367046420?w=360&h=640&fit=crop',
   'ゲーム動画', ARRAY['ゲーム', '攻略', 'ショート']),
  ('d1000000-0000-0000-0000-000000000018', 'c0000000-0000-0000-0000-000000000002',
   '筋トレ解説動画', 'ジムでの正しいフォーム解説',
   'https://www.youtube.com/watch?v=fit123abc', 'youtube',
   'https://images.unsplash.com/photo-1534438327276-14e5300c3a48?w=640&h=360&fit=crop',
   '解説ビデオ', ARRAY['フィットネス', '解説', 'トレーニング']);

-- クリエイター3: 佐藤モーション（モーション・CG系）
INSERT INTO portfolio_items (id, creator_id, title, description, video_url, video_platform, thumbnail_url, genre, tags) VALUES
  ('d1000000-0000-0000-0000-000000000021', 'c0000000-0000-0000-0000-000000000003',
   'テック企業ロゴアニメーション', 'スタートアップのロゴモーション',
   'https://vimeo.com/555666777', 'vimeo',
   'https://images.unsplash.com/photo-1618005182384-a83a8bd57fbe?w=640&h=360&fit=crop',
   'ショーリール', ARRAY['ロゴ', 'モーション', 'ブランディング']),
  ('d1000000-0000-0000-0000-000000000022', 'c0000000-0000-0000-0000-000000000003',
   'サービス紹介アニメーション', 'SaaS製品のエクスプレイナー動画',
   'https://www.youtube.com/watch?v=saas123', 'youtube',
   'https://images.unsplash.com/photo-1460925895917-afdab827c52f?w=640&h=360&fit=crop',
   '解説ビデオ', ARRAY['SaaS', 'アニメーション', '解説']),
  ('d1000000-0000-0000-0000-000000000023', 'c0000000-0000-0000-0000-000000000003',
   'データビジュアライゼーション', 'インフォグラフィックスアニメーション',
   'https://vimeo.com/888999000', 'vimeo',
   'https://images.unsplash.com/photo-1551288049-bebda4e38f71?w=640&h=360&fit=crop',
   '解説ビデオ', ARRAY['データ', 'インフォグラフィック', 'モーション']),
  ('d1000000-0000-0000-0000-000000000024', 'c0000000-0000-0000-0000-000000000003',
   'SNS広告モーション', '縦型のアプリプロモーション',
   'https://www.tiktok.com/@motion/video/444555666', 'tiktok',
   'https://images.unsplash.com/photo-1512941937669-90a1b58e7e9c?w=360&h=640&fit=crop',
   '広告・SNS動画', ARRAY['アプリ', 'モーション', '広告']),
  ('d1000000-0000-0000-0000-000000000025', 'c0000000-0000-0000-0000-000000000003',
   'VR空間デモ映像', '360度VR体験のプロモーション',
   'https://www.youtube.com/watch?v=vr360demo', 'youtube',
   'https://images.unsplash.com/photo-1617802690992-15d93263d3a9?w=640&h=360&fit=crop',
   'VR ・ 360°動画', ARRAY['VR', '360度', 'テクノロジー']),
  ('d1000000-0000-0000-0000-000000000026', 'c0000000-0000-0000-0000-000000000003',
   'ショーリール 2025', '2025年制作実績まとめ',
   'https://vimeo.com/showreel2025', 'vimeo',
   'https://images.unsplash.com/photo-1536240478700-b869070f9279?w=640&h=360&fit=crop',
   'ショーリール', ARRAY['ショーリール', 'ポートフォリオ', 'モーション']),
  ('d1000000-0000-0000-0000-000000000027', 'c0000000-0000-0000-0000-000000000003',
   'Instagram広告 リール', 'ECサイト向けリール広告',
   'https://www.instagram.com/reel/motion123/', 'instagram',
   'https://images.unsplash.com/photo-1563013544-824ae1b704d3?w=360&h=640&fit=crop',
   '広告・SNS動画', ARRAY['Instagram', 'EC', '広告']);

-- クリエイター4: 高橋ウェディング（ウェディング・イベント系）
INSERT INTO portfolio_items (id, creator_id, title, description, video_url, video_platform, thumbnail_url, genre, tags) VALUES
  ('d1000000-0000-0000-0000-000000000031', 'c0000000-0000-0000-0000-000000000004',
   '軽井沢リゾートウェディング', '緑豊かなリゾートでの挙式ハイライト',
   'https://vimeo.com/wedding001', 'vimeo',
   'https://images.unsplash.com/photo-1465495976277-4387d4b0b4c6?w=640&h=360&fit=crop',
   'ウェディング・イベントビデオ', ARRAY['ウェディング', 'リゾート', '軽井沢']),
  ('d1000000-0000-0000-0000-000000000032', 'c0000000-0000-0000-0000-000000000004',
   'プロフィールムービー サンプル', '新郎新婦の生い立ちムービー',
   'https://www.youtube.com/watch?v=profile001', 'youtube',
   'https://images.unsplash.com/photo-1511285560929-80b456fea0bc?w=640&h=360&fit=crop',
   'プロフィールムービー', ARRAY['プロフィール', 'ウェディング', '生い立ち']),
  ('d1000000-0000-0000-0000-000000000033', 'c0000000-0000-0000-0000-000000000004',
   '結婚式 ティザー Shorts', '挙式のティザー映像をショートで',
   'https://www.youtube.com/shorts/wedding_teaser', 'youtube_short',
   'https://images.unsplash.com/photo-1522673607200-164d1b6ce486?w=360&h=640&fit=crop',
   'ウェディング・イベントビデオ', ARRAY['ウェディング', 'ティザー', 'ショート']),
  ('d1000000-0000-0000-0000-000000000034', 'c0000000-0000-0000-0000-000000000004',
   '企業パーティー ダイジェスト', '周年記念パーティーのイベント映像',
   'https://www.youtube.com/watch?v=party001', 'youtube',
   'https://images.unsplash.com/photo-1530103862676-de8c9debad1d?w=640&h=360&fit=crop',
   'ウェディング・イベントビデオ', ARRAY['イベント', 'パーティー', '企業']),
  ('d1000000-0000-0000-0000-000000000035', 'c0000000-0000-0000-0000-000000000004',
   'ウェディング Instagram', '挙式ハイライトのInstagramバージョン',
   'https://www.instagram.com/reel/wed123/', 'instagram',
   'https://images.unsplash.com/photo-1519225421980-715cb0215aed?w=360&h=640&fit=crop',
   'ウェディング・イベントビデオ', ARRAY['Instagram', 'ウェディング', 'Reels']),
  ('d1000000-0000-0000-0000-000000000036', 'c0000000-0000-0000-0000-000000000004',
   'エンドロール サンプル', '挙式当日撮影のエンドロール映像',
   'https://vimeo.com/endroll001', 'vimeo',
   'https://images.unsplash.com/photo-1583939003579-730e3918a45a?w=640&h=360&fit=crop',
   'ウェディング・イベントビデオ', ARRAY['エンドロール', 'ウェディング', 'シネマティック']),
  ('d1000000-0000-0000-0000-000000000037', 'c0000000-0000-0000-0000-000000000004',
   'ファミリーヒストリー', '三世代の家族の物語を映像化',
   'https://www.youtube.com/watch?v=family001', 'youtube',
   'https://images.unsplash.com/photo-1511895426328-dc8714191300?w=640&h=360&fit=crop',
   'ファミリー・トラベルビデオ', ARRAY['ファミリー', 'ドキュメンタリー', '家族']);

-- クリエイター5: 山田デジタル（SNS・ショート系）
INSERT INTO portfolio_items (id, creator_id, title, description, video_url, video_platform, thumbnail_url, genre, tags) VALUES
  ('d1000000-0000-0000-0000-000000000041', 'c0000000-0000-0000-0000-000000000005',
   'カフェ紹介 TikTok', '表参道の隠れ家カフェを紹介',
   'https://www.tiktok.com/@cafe/video/cafe001', 'tiktok',
   'https://images.unsplash.com/photo-1509042239860-f550ce710b93?w=360&h=640&fit=crop',
   'ショート', ARRAY['TikTok', 'カフェ', 'グルメ']),
  ('d1000000-0000-0000-0000-000000000042', 'c0000000-0000-0000-0000-000000000005',
   'アパレルブランド Reels', '新作アイテムのスタイリング提案',
   'https://www.instagram.com/reel/fashion001/', 'instagram',
   'https://images.unsplash.com/photo-1445205170230-053b83016050?w=360&h=640&fit=crop',
   '広告・SNS動画', ARRAY['Instagram', 'ファッション', 'スタイリング']),
  ('d1000000-0000-0000-0000-000000000043', 'c0000000-0000-0000-0000-000000000005',
   'フード系ショート', 'ラーメン屋レビューのショート動画',
   'https://www.youtube.com/shorts/ramen001', 'youtube_short',
   'https://images.unsplash.com/photo-1569718212165-3a8278d5f624?w=360&h=640&fit=crop',
   'ショート', ARRAY['グルメ', 'ラーメン', 'ショート']),
  ('d1000000-0000-0000-0000-000000000044', 'c0000000-0000-0000-0000-000000000005',
   '美容室プロモーション', 'ヘアサロンの施術ビフォーアフター',
   'https://www.tiktok.com/@salon/video/salon001', 'tiktok',
   'https://images.unsplash.com/photo-1560066984-138dadb4c035?w=360&h=640&fit=crop',
   '広告・SNS動画', ARRAY['TikTok', '美容', 'ビフォーアフター']),
  ('d1000000-0000-0000-0000-000000000045', 'c0000000-0000-0000-0000-000000000005',
   'ペットショップ YouTube広告', 'ペットショップの可愛い動物たち',
   'https://www.youtube.com/watch?v=pet001', 'youtube',
   'https://images.unsplash.com/photo-1587300003388-59208cc962cb?w=640&h=360&fit=crop',
   '広告・SNS動画', ARRAY['ペット', '広告', 'YouTube']),
  ('d1000000-0000-0000-0000-000000000046', 'c0000000-0000-0000-0000-000000000005',
   'フィットネスジム Instagram', 'パーソナルジムのトレーニング動画',
   'https://www.instagram.com/reel/gym001/', 'instagram',
   'https://images.unsplash.com/photo-1571019613454-1cb2f99b2d8b?w=360&h=640&fit=crop',
   '広告・SNS動画', ARRAY['Instagram', 'フィットネス', 'ジム']),
  ('d1000000-0000-0000-0000-000000000047', 'c0000000-0000-0000-0000-000000000005',
   'お花屋さんの1日 TikTok', 'フローリストの日常密着ショート',
   'https://www.tiktok.com/@florist/video/flower001', 'tiktok',
   'https://images.unsplash.com/photo-1487530811176-3780de880c2d?w=360&h=640&fit=crop',
   'ショート', ARRAY['TikTok', 'フラワー', '日常']),
  ('d1000000-0000-0000-0000-000000000048', 'c0000000-0000-0000-0000-000000000005',
   '不動産物件紹介 ショート', 'タワーマンションのルームツアー',
   'https://www.youtube.com/shorts/room_tour001', 'youtube_short',
   'https://images.unsplash.com/photo-1502672260266-1c1ef2d93688?w=360&h=640&fit=crop',
   'ショート', ARRAY['不動産', 'ルームツアー', 'ショート']);

-- クリエイター6: 伊藤フィルム（ドキュメンタリー・ブランド系）
INSERT INTO portfolio_items (id, creator_id, title, description, video_url, video_platform, thumbnail_url, genre, tags) VALUES
  ('d1000000-0000-0000-0000-000000000051', 'c0000000-0000-0000-0000-000000000006',
   '地方創生ドキュメンタリー', '過疎地域の挑戦を追ったドキュメンタリー',
   'https://vimeo.com/local001', 'vimeo',
   'https://images.unsplash.com/photo-1464822759023-fed622ff2c3b?w=640&h=360&fit=crop',
   'コーポレートビデオ', ARRAY['ドキュメンタリー', '地方創生', '社会']),
  ('d1000000-0000-0000-0000-000000000052', 'c0000000-0000-0000-0000-000000000006',
   '老舗旅館ブランドムービー', '100年の歴史を持つ旅館の世界観を映像化',
   'https://www.youtube.com/watch?v=ryokan001', 'youtube',
   'https://images.unsplash.com/photo-1578683010236-d716f9a3f461?w=640&h=360&fit=crop',
   'コーポレートビデオ', ARRAY['旅館', 'ブランド', '伝統']),
  ('d1000000-0000-0000-0000-000000000053', 'c0000000-0000-0000-0000-000000000006',
   '日本酒蔵元 Instagram', '酒造りの美しい工程を縦型で',
   'https://www.instagram.com/reel/sake001/', 'instagram',
   'https://images.unsplash.com/photo-1516475429286-465d815a0df7?w=360&h=640&fit=crop',
   'コーポレートビデオ', ARRAY['Instagram', '日本酒', '伝統工芸']),
  ('d1000000-0000-0000-0000-000000000054', 'c0000000-0000-0000-0000-000000000006',
   '環境ドキュメンタリー ティザー', '海洋プラスチック問題のショートフィルム予告',
   'https://www.youtube.com/shorts/ocean001', 'youtube_short',
   'https://images.unsplash.com/photo-1484291150605-0860ed671425?w=360&h=640&fit=crop',
   'ショート', ARRAY['環境', 'ドキュメンタリー', 'ティザー']),
  ('d1000000-0000-0000-0000-000000000055', 'c0000000-0000-0000-0000-000000000006',
   '建築事務所 作品集', '受賞建築のアーカイブ映像',
   'https://vimeo.com/archi001', 'vimeo',
   'https://images.unsplash.com/photo-1487958449943-2429e8be8625?w=640&h=360&fit=crop',
   'コーポレートビデオ', ARRAY['建築', 'アーカイブ', 'デザイン']),
  ('d1000000-0000-0000-0000-000000000056', 'c0000000-0000-0000-0000-000000000006',
   '農家の四季 ドキュメンタリー', '有機農家の1年を追った長編ドキュメンタリー',
   'https://www.youtube.com/watch?v=farm001', 'youtube',
   'https://images.unsplash.com/photo-1500937386664-56d1dfef3854?w=640&h=360&fit=crop',
   'コーポレートビデオ', ARRAY['農業', 'ドキュメンタリー', '四季']),
  ('d1000000-0000-0000-0000-000000000057', 'c0000000-0000-0000-0000-000000000006',
   '寺社仏閣 TikTok', '京都の美しい寺社を30秒で',
   'https://www.tiktok.com/@kyoto/video/temple001', 'tiktok',
   'https://images.unsplash.com/photo-1528360983277-13d401cdc186?w=360&h=640&fit=crop',
   'ショート', ARRAY['TikTok', '京都', '寺社']);

-- ============================================
-- レビューデータ（3段階評価: 3=満足, 2=普通, 1=不満）
-- ============================================

-- テスト用クライアントユーザー追加（レビュー投稿者用）
INSERT INTO auth.users (id, instance_id, aud, role, email, encrypted_password, email_confirmed_at, raw_user_meta_data, created_at, updated_at)
VALUES
  ('00000000-0000-0000-0000-000000000101', '00000000-0000-0000-0000-000000000000', 'authenticated', 'authenticated', 'review_client1@example.com', crypt('password123', gen_salt('bf')), now(), '{"display_name": "レビュー企業A", "role": "client"}'::jsonb, now(), now()),
  ('00000000-0000-0000-0000-000000000102', '00000000-0000-0000-0000-000000000000', 'authenticated', 'authenticated', 'review_client2@example.com', crypt('password123', gen_salt('bf')), now(), '{"display_name": "レビュー企業B", "role": "client"}'::jsonb, now(), now()),
  ('00000000-0000-0000-0000-000000000103', '00000000-0000-0000-0000-000000000000', 'authenticated', 'authenticated', 'review_client3@example.com', crypt('password123', gen_salt('bf')), now(), '{"display_name": "レビュー企業C", "role": "client"}'::jsonb, now(), now()),
  ('00000000-0000-0000-0000-000000000104', '00000000-0000-0000-0000-000000000000', 'authenticated', 'authenticated', 'review_client4@example.com', crypt('password123', gen_salt('bf')), now(), '{"display_name": "レビュー企業D", "role": "client"}'::jsonb, now(), now())
ON CONFLICT (id) DO NOTHING;

INSERT INTO auth.identities (id, user_id, provider_id, provider, identity_data, last_sign_in_at, created_at, updated_at)
VALUES
  ('00000000-0000-0000-0000-000000000101', '00000000-0000-0000-0000-000000000101', '00000000-0000-0000-0000-000000000101', 'email', '{"sub": "00000000-0000-0000-0000-000000000101", "email": "review_client1@example.com"}'::jsonb, now(), now(), now()),
  ('00000000-0000-0000-0000-000000000102', '00000000-0000-0000-0000-000000000102', '00000000-0000-0000-0000-000000000102', 'email', '{"sub": "00000000-0000-0000-0000-000000000102", "email": "review_client2@example.com"}'::jsonb, now(), now(), now()),
  ('00000000-0000-0000-0000-000000000103', '00000000-0000-0000-0000-000000000103', '00000000-0000-0000-0000-000000000103', 'email', '{"sub": "00000000-0000-0000-0000-000000000103", "email": "review_client3@example.com"}'::jsonb, now(), now(), now()),
  ('00000000-0000-0000-0000-000000000104', '00000000-0000-0000-0000-000000000104', '00000000-0000-0000-0000-000000000104', 'email', '{"sub": "00000000-0000-0000-0000-000000000104", "email": "review_client4@example.com"}'::jsonb, now(), now(), now())
ON CONFLICT (id) DO NOTHING;

-- プロフィール
INSERT INTO profiles (id, email, display_name, role) VALUES
  ('00000000-0000-0000-0000-000000000101', 'review_client1@example.com', 'レビュー企業A', 'client'),
  ('00000000-0000-0000-0000-000000000102', 'review_client2@example.com', 'レビュー企業B', 'client'),
  ('00000000-0000-0000-0000-000000000103', 'review_client3@example.com', 'レビュー企業C', 'client'),
  ('00000000-0000-0000-0000-000000000104', 'review_client4@example.com', 'レビュー企業D', 'client')
ON CONFLICT (id) DO NOTHING;

-- クライアントプロフィール
INSERT INTO client_profiles (id, user_id, company_name, industry) VALUES
  ('c1000000-0000-0000-0000-000000000101', '00000000-0000-0000-0000-000000000101', '株式会社メディアワン', 'IT・テクノロジー'),
  ('c1000000-0000-0000-0000-000000000102', '00000000-0000-0000-0000-000000000102', 'クリエイティブラボ合同会社', '広告・マーケティング'),
  ('c1000000-0000-0000-0000-000000000103', '00000000-0000-0000-0000-000000000103', '株式会社ウェディングプランナーズ', 'ブライダル'),
  ('c1000000-0000-0000-0000-000000000104', '00000000-0000-0000-0000-000000000104', 'フードメディア株式会社', '飲食・メディア')
ON CONFLICT (id) DO NOTHING;

-- ダミー注文（レビューに必要）
INSERT INTO orders (id, client_id, creator_id, package_id, status, total_amount, platform_fee, description) VALUES
  ('a0000000-0000-0000-0000-000000000001', 'c1000000-0000-0000-0000-000000000101', 'c0000000-0000-0000-0000-000000000001', 'e0000000-0000-0000-0000-000000000001', 'completed', 300000, 45000, '企業紹介動画の制作'),
  ('a0000000-0000-0000-0000-000000000002', 'c1000000-0000-0000-0000-000000000102', 'c0000000-0000-0000-0000-000000000001', 'e0000000-0000-0000-0000-000000000002', 'completed', 500000, 75000, 'MV制作'),
  ('a0000000-0000-0000-0000-000000000003', 'c1000000-0000-0000-0000-000000000101', 'c0000000-0000-0000-0000-000000000002', 'e0000000-0000-0000-0000-000000000003', 'completed', 30000, 4500, 'YouTube動画編集'),
  ('a0000000-0000-0000-0000-000000000004', 'c1000000-0000-0000-0000-000000000104', 'c0000000-0000-0000-0000-000000000002', 'e0000000-0000-0000-0000-000000000004', 'completed', 60000, 9000, 'チャンネル動画編集'),
  ('a0000000-0000-0000-0000-000000000005', 'c1000000-0000-0000-0000-000000000102', 'c0000000-0000-0000-0000-000000000003', 'e0000000-0000-0000-0000-000000000005', 'completed', 150000, 22500, 'モーショングラフィックス制作'),
  ('a0000000-0000-0000-0000-000000000006', 'c1000000-0000-0000-0000-000000000103', 'c0000000-0000-0000-0000-000000000004', 'e0000000-0000-0000-0000-000000000006', 'completed', 200000, 30000, 'ウェディングハイライト'),
  ('a0000000-0000-0000-0000-000000000007', 'c1000000-0000-0000-0000-000000000103', 'c0000000-0000-0000-0000-000000000004', 'e0000000-0000-0000-0000-000000000007', 'completed', 450000, 67500, 'フルパッケージウェディング'),
  ('a0000000-0000-0000-0000-000000000008', 'c1000000-0000-0000-0000-000000000104', 'c0000000-0000-0000-0000-000000000005', 'e0000000-0000-0000-0000-000000000008', 'completed', 15000, 2250, 'SNSショート動画'),
  ('a0000000-0000-0000-0000-000000000009', 'c1000000-0000-0000-0000-000000000102', 'c0000000-0000-0000-0000-000000000005', 'e0000000-0000-0000-0000-000000000009', 'completed', 100000, 15000, 'SNS運用月額パッケージ'),
  ('a0000000-0000-0000-0000-000000000010', 'c1000000-0000-0000-0000-000000000101', 'c0000000-0000-0000-0000-000000000006', 'e0000000-0000-0000-0000-000000000010', 'completed', 800000, 120000, 'ブランドムービー制作'),
  ('a0000000-0000-0000-0000-000000000011', 'c1000000-0000-0000-0000-000000000104', 'c0000000-0000-0000-0000-000000000006', 'e0000000-0000-0000-0000-000000000010', 'completed', 800000, 120000, 'ドキュメンタリー映像制作'),
  ('a0000000-0000-0000-0000-000000000012', 'c1000000-0000-0000-0000-000000000103', 'c0000000-0000-0000-0000-000000000001', 'e0000000-0000-0000-0000-000000000001', 'completed', 300000, 45000, 'イベント映像')
ON CONFLICT (id) DO NOTHING;

-- レビュー（3段階: 3=満足, 2=普通, 1=不満）
INSERT INTO reviews (id, order_id, client_id, creator_id, rating, comment, created_at) VALUES
  -- クリエイター1: 田中映像
  ('b0000000-0000-0000-0000-000000000001', 'a0000000-0000-0000-0000-000000000001', 'c1000000-0000-0000-0000-000000000101', 'c0000000-0000-0000-0000-000000000001', 3,
   '企業紹介映像、非常に完成度が高かったです。社員インタビューの引き出し方が上手く、社内でも好評でした。納品も予定通りで安心してお任せできました。', now() - interval '30 days'),
  ('b0000000-0000-0000-0000-000000000002', 'a0000000-0000-0000-0000-000000000002', 'c1000000-0000-0000-0000-000000000102', 'c0000000-0000-0000-0000-000000000001', 3,
   'MV制作をお願いしましたが、アーティストの世界観を見事に映像化してくれました。カラーグレーディングのセンスが素晴らしいです。', now() - interval '15 days'),
  ('b0000000-0000-0000-0000-000000000012', 'a0000000-0000-0000-0000-000000000012', 'c1000000-0000-0000-0000-000000000103', 'c0000000-0000-0000-0000-000000000001', 3,
   'イベント映像の撮影から編集まで一貫してお願いしました。当日の雰囲気がしっかり伝わる映像で大満足です。', now() - interval '5 days'),

  -- クリエイター2: 鈴木クリエイティブ
  ('b0000000-0000-0000-0000-000000000003', 'a0000000-0000-0000-0000-000000000003', 'c1000000-0000-0000-0000-000000000101', 'c0000000-0000-0000-0000-000000000002', 3,
   'YouTube動画の編集が本当にテンポ良く仕上がりました。視聴者維持率が20%以上改善しました。リピートで依頼したいクリエイターです。', now() - interval '25 days'),
  ('b0000000-0000-0000-0000-000000000004', 'a0000000-0000-0000-0000-000000000004', 'c1000000-0000-0000-0000-000000000104', 'c0000000-0000-0000-0000-000000000002', 2,
   '編集クオリティは悪くないですが、納期が少し遅れたのが気になりました。コミュニケーションをもう少し密にしていただけると助かります。', now() - interval '10 days'),

  -- クリエイター3: 佐藤モーション
  ('b0000000-0000-0000-0000-000000000005', 'a0000000-0000-0000-0000-000000000005', 'c1000000-0000-0000-0000-000000000102', 'c0000000-0000-0000-0000-000000000003', 3,
   'モーショングラフィックスの技術力が圧倒的です。サービス紹介動画のコンバージョン率が大幅に向上しました。デザインセンスも申し分なし。', now() - interval '20 days'),

  -- クリエイター4: 高橋ウェディング
  ('b0000000-0000-0000-0000-000000000006', 'a0000000-0000-0000-0000-000000000006', 'c1000000-0000-0000-0000-000000000103', 'c0000000-0000-0000-0000-000000000004', 3,
   '一生の思い出を最高の映像に仕上げていただきました。感動で涙が出ました。ゲストからも「映画みたい」と大好評でした。', now() - interval '60 days'),
  ('b0000000-0000-0000-0000-000000000007', 'a0000000-0000-0000-0000-000000000007', 'c1000000-0000-0000-0000-000000000103', 'c0000000-0000-0000-0000-000000000004', 3,
   'フルパッケージでお願いしましたが、前撮りからエンドロールまで全て素晴らしかったです。ドローン映像が特に圧巻でした。', now() - interval '45 days'),

  -- クリエイター5: 山田デジタル
  ('b0000000-0000-0000-0000-000000000008', 'a0000000-0000-0000-0000-000000000008', 'c1000000-0000-0000-0000-000000000104', 'c0000000-0000-0000-0000-000000000005', 3,
   'TikTok向け動画を依頼しましたが、トレンドをしっかり押さえたクリエイティブで再生回数が大幅に伸びました。SNSに強いクリエイターです。', now() - interval '14 days'),
  ('b0000000-0000-0000-0000-000000000009', 'a0000000-0000-0000-0000-000000000009', 'c1000000-0000-0000-0000-000000000102', 'c0000000-0000-0000-0000-000000000005', 2,
   '月額パッケージで依頼中です。動画のクオリティは安定していますが、企画のバリエーションがもう少し欲しいです。', now() - interval '7 days'),

  -- クリエイター6: 伊藤フィルム
  ('b0000000-0000-0000-0000-000000000010', 'a0000000-0000-0000-0000-000000000010', 'c1000000-0000-0000-0000-000000000101', 'c0000000-0000-0000-0000-000000000006', 3,
   'ブランドムービーの完成度が素晴らしく、社内外から高い評価をいただきました。映像作家としてのセンスが光る作品です。', now() - interval '40 days'),
  ('b0000000-0000-0000-0000-000000000011', 'a0000000-0000-0000-0000-000000000011', 'c1000000-0000-0000-0000-000000000104', 'c0000000-0000-0000-0000-000000000006', 3,
   'ドキュメンタリー映像をお願いしました。取材力と映像構成力が卓越しています。ストーリーテリングの巧みさに感動しました。', now() - interval '20 days')
ON CONFLICT (id) DO NOTHING;

-- クリエイターのrating/review_countを更新
UPDATE creator_profiles SET rating = 3.0, review_count = 3 WHERE id = 'c0000000-0000-0000-0000-000000000001';
UPDATE creator_profiles SET rating = 2.5, review_count = 2 WHERE id = 'c0000000-0000-0000-0000-000000000002';
UPDATE creator_profiles SET rating = 3.0, review_count = 1 WHERE id = 'c0000000-0000-0000-0000-000000000003';
UPDATE creator_profiles SET rating = 3.0, review_count = 2 WHERE id = 'c0000000-0000-0000-0000-000000000004';
UPDATE creator_profiles SET rating = 2.5, review_count = 2 WHERE id = 'c0000000-0000-0000-0000-000000000005';
UPDATE creator_profiles SET rating = 3.0, review_count = 2 WHERE id = 'c0000000-0000-0000-0000-000000000006';
